iter	Logloss
0	0.5158521791
1	0.5103976383
